-- MySQL dump 10.13  Distrib 8.0.16, for Linux (x86_64)
--
-- Host: localhost    Database: Movie
-- ------------------------------------------------------
-- Server version	8.0.16

/*!40101 SET @OLD_CHARACTER_SET_CLIENT=@@CHARACTER_SET_CLIENT */;
/*!40101 SET @OLD_CHARACTER_SET_RESULTS=@@CHARACTER_SET_RESULTS */;
/*!40101 SET @OLD_COLLATION_CONNECTION=@@COLLATION_CONNECTION */;
 SET NAMES utf8mb4 ;
/*!40103 SET @OLD_TIME_ZONE=@@TIME_ZONE */;
/*!40103 SET TIME_ZONE='+00:00' */;
/*!40014 SET @OLD_UNIQUE_CHECKS=@@UNIQUE_CHECKS, UNIQUE_CHECKS=0 */;
/*!40014 SET @OLD_FOREIGN_KEY_CHECKS=@@FOREIGN_KEY_CHECKS, FOREIGN_KEY_CHECKS=0 */;
/*!40101 SET @OLD_SQL_MODE=@@SQL_MODE, SQL_MODE='NO_AUTO_VALUE_ON_ZERO' */;
/*!40111 SET @OLD_SQL_NOTES=@@SQL_NOTES, SQL_NOTES=0 */;

--
-- Table structure for table `Table_Customer`
--

DROP TABLE IF EXISTS `Table_Customer`;
/*!40101 SET @saved_cs_client     = @@character_set_client */;
 SET character_set_client = utf8mb4 ;
CREATE TABLE `Table_Customer` (
  `C_ID` bigint(20) NOT NULL AUTO_INCREMENT,
  `C_User` varchar(20) DEFAULT NULL,
  `C_Pass` varchar(20) DEFAULT NULL,
  PRIMARY KEY (`C_ID`)
) ENGINE=InnoDB AUTO_INCREMENT=11 DEFAULT CHARSET=utf8mb4 COLLATE=utf8mb4_0900_ai_ci;
/*!40101 SET character_set_client = @saved_cs_client */;

--
-- Dumping data for table `Table_Customer`
--

LOCK TABLES `Table_Customer` WRITE;
/*!40000 ALTER TABLE `Table_Customer` DISABLE KEYS */;
INSERT INTO `Table_Customer` VALUES (6,'abc','123'),(7,'user1','123'),(8,'user','123'),(9,'user1','123'),(10,'user','123');
/*!40000 ALTER TABLE `Table_Customer` ENABLE KEYS */;
UNLOCK TABLES;

--
-- Table structure for table `Table_Hall`
--

DROP TABLE IF EXISTS `Table_Hall`;
/*!40101 SET @saved_cs_client     = @@character_set_client */;
 SET character_set_client = utf8mb4 ;
CREATE TABLE `Table_Hall` (
  `H_ID` int(10) unsigned NOT NULL,
  `Seat_Num` int(10) unsigned NOT NULL,
  `H_Loc` char(50) DEFAULT NULL,
  `SEAT_ROW` int(11) NOT NULL,
  `SEAT_COL` int(11) NOT NULL,
  PRIMARY KEY (`H_ID`)
) ENGINE=InnoDB DEFAULT CHARSET=utf8mb4 COLLATE=utf8mb4_0900_ai_ci;
/*!40101 SET character_set_client = @saved_cs_client */;

--
-- Dumping data for table `Table_Hall`
--

LOCK TABLES `Table_Hall` WRITE;
/*!40000 ALTER TABLE `Table_Hall` DISABLE KEYS */;
INSERT INTO `Table_Hall` VALUES (1,50,'Southern Part',5,10),(2,50,'Northern Part',5,10),(3,70,'West Part',7,10),(4,70,'Eastern Part',7,10),(5,100,'Eastern Part',5,20),(6,100,'Eastern Part',5,20);
/*!40000 ALTER TABLE `Table_Hall` ENABLE KEYS */;
UNLOCK TABLES;

--
-- Table structure for table `Table_Movie`
--

DROP TABLE IF EXISTS `Table_Movie`;
/*!40101 SET @saved_cs_client     = @@character_set_client */;
 SET character_set_client = utf8mb4 ;
CREATE TABLE `Table_Movie` (
  `M_ID` int(10) unsigned NOT NULL,
  `M_Name` char(30) DEFAULT NULL,
  PRIMARY KEY (`M_ID`),
  UNIQUE KEY `M_Name` (`M_Name`)
) ENGINE=InnoDB DEFAULT CHARSET=utf8mb4 COLLATE=utf8mb4_0900_ai_ci;
/*!40101 SET character_set_client = @saved_cs_client */;

--
-- Dumping data for table `Table_Movie`
--

LOCK TABLES `Table_Movie` WRITE;
/*!40000 ALTER TABLE `Table_Movie` DISABLE KEYS */;
INSERT INTO `Table_Movie` VALUES (3,'Dead Pool'),(2,'Die and Live'),(9,'ForeverYoung'),(6,'God'),(7,'New Movie'),(4,'NewType'),(8,'TestMovie'),(5,'TimeBack'),(10,'Titanic');
/*!40000 ALTER TABLE `Table_Movie` ENABLE KEYS */;
UNLOCK TABLES;

--
-- Table structure for table `Table_Order`
--

DROP TABLE IF EXISTS `Table_Order`;
/*!40101 SET @saved_cs_client     = @@character_set_client */;
 SET character_set_client = utf8mb4 ;
CREATE TABLE `Table_Order` (
  `C_ID` bigint(20) NOT NULL,
  `Name` varchar(20) DEFAULT NULL,
  `H_ID` int(11) DEFAULT NULL,
  `wDate` varchar(20) DEFAULT NULL,
  `mRow` int(11) DEFAULT NULL,
  `mCol` int(11) DEFAULT NULL,
  `Price` int(11) DEFAULT NULL,
  UNIQUE KEY `H_ID` (`H_ID`,`wDate`,`mRow`,`mCol`)
) ENGINE=InnoDB DEFAULT CHARSET=utf8mb4 COLLATE=utf8mb4_0900_ai_ci;
/*!40101 SET character_set_client = @saved_cs_client */;

--
-- Dumping data for table `Table_Order`
--

LOCK TABLES `Table_Order` WRITE;
/*!40000 ALTER TABLE `Table_Order` DISABLE KEYS */;
INSERT INTO `Table_Order` VALUES (7,'TimeBack',1,'2019-9-2 10:00',2,1,45),(7,'TimeBack',1,'2019-9-2 10:00',3,1,45),(8,'Die and Live',5,'2019-4-16 10:00',2,12,45),(8,'Die and Live',5,'2019-4-16 10:00',3,13,45),(8,'Die and Live',5,'2019-4-16 10:00',2,14,45),(8,'Die and Live',5,'2019-4-16 10:00',1,15,45),(8,'Die and Live',1,'2019-4-16 17:00',2,7,45),(8,'Die and Live',1,'2019-4-16 17:00',3,6,45),(8,'Die and Live',1,'2019-4-16 17:00',3,5,45),(8,'Die and Live',1,'2019-4-16 17:00',2,5,45),(8,'Die and Live',1,'2019-4-16 17:00',1,5,45);
/*!40000 ALTER TABLE `Table_Order` ENABLE KEYS */;
UNLOCK TABLES;

--
-- Table structure for table `Table_Schedule`
--

DROP TABLE IF EXISTS `Table_Schedule`;
/*!40101 SET @saved_cs_client     = @@character_set_client */;
 SET character_set_client = utf8mb4 ;
CREATE TABLE `Table_Schedule` (
  `S_ID` int(10) unsigned NOT NULL,
  `M_ID` int(10) unsigned DEFAULT NULL,
  `H_ID` int(10) unsigned DEFAULT NULL,
  `Price` int(10) unsigned DEFAULT NULL,
  `S_TIME` char(30) NOT NULL,
  PRIMARY KEY (`S_ID`),
  UNIQUE KEY `H_ID` (`H_ID`,`S_TIME`)
) ENGINE=InnoDB DEFAULT CHARSET=utf8mb4 COLLATE=utf8mb4_0900_ai_ci;
/*!40101 SET character_set_client = @saved_cs_client */;

--
-- Dumping data for table `Table_Schedule`
--

LOCK TABLES `Table_Schedule` WRITE;
/*!40000 ALTER TABLE `Table_Schedule` DISABLE KEYS */;
INSERT INTO `Table_Schedule` VALUES (5,2,1,40,'2019-4-16 17:00'),(6,2,4,40,'2019-4-16 10:00'),(7,2,5,40,'2019-4-16 17:00'),(8,2,5,45,'2019-4-16 10:00'),(9,2,6,45,'2019-4-16 21:00'),(14,3,4,45,'2019-4-16 21:00'),(21,3,1,35,'2019-4-19 21:00'),(22,3,3,35,'2019-4-19 21:00'),(23,4,3,30,'2019-9-1 19:00'),(24,4,2,30,'2019-9-1 21:00'),(25,4,1,30,'2019-9-1 10:00'),(26,4,4,40,'2019-9-4 10:00'),(27,5,3,40,'2019-9-2 21:00'),(28,5,1,40,'2019-9-2 10:00'),(29,6,1,30,'2019-9-1 19:00'),(30,6,1,30,'2019-9-3 19:00'),(31,7,3,50,'2019-4-2 17:00'),(32,8,1,45,'2019-9-9 17:00'),(33,8,5,45,'2019-9-7 17:00'),(34,8,6,45,'2019-9-7 17:00'),(35,9,1,45,'2018-8-1 21:00'),(36,10,1,45,'1997-4-1 21:00');
/*!40000 ALTER TABLE `Table_Schedule` ENABLE KEYS */;
UNLOCK TABLES;

--
-- Table structure for table `Table_Seat`
--

DROP TABLE IF EXISTS `Table_Seat`;
/*!40101 SET @saved_cs_client     = @@character_set_client */;
 SET character_set_client = utf8mb4 ;
CREATE TABLE `Table_Seat` (
  `Seat_ID` bigint(20) unsigned NOT NULL,
  `S_ID` int(10) unsigned NOT NULL,
  `Seat_Row` int(10) unsigned NOT NULL,
  `Seat_Col` int(10) unsigned NOT NULL,
  `Issale` tinyint(4) DEFAULT NULL,
  PRIMARY KEY (`Seat_ID`),
  UNIQUE KEY `S_ID` (`S_ID`,`Seat_Row`,`Seat_Col`)
) ENGINE=InnoDB DEFAULT CHARSET=utf8mb4 COLLATE=utf8mb4_0900_ai_ci;
/*!40101 SET character_set_client = @saved_cs_client */;

--
-- Dumping data for table `Table_Seat`
--

LOCK TABLES `Table_Seat` WRITE;
/*!40000 ALTER TABLE `Table_Seat` DISABLE KEYS */;
INSERT INTO `Table_Seat` VALUES (1,1,1,1,0),(2,1,1,2,0),(3,1,1,3,0),(4,1,1,4,0),(5,1,1,5,0),(6,1,1,6,0),(7,1,1,7,0),(8,1,1,8,0),(9,1,1,9,0),(10,1,1,10,0),(11,1,2,1,0),(12,1,2,2,0),(13,1,2,3,0),(14,1,2,4,0),(15,1,2,5,0),(16,1,2,6,0),(17,1,2,7,0),(18,1,2,8,0),(19,1,2,9,0),(20,1,2,10,0),(21,1,3,1,0),(22,1,3,2,0),(23,1,3,3,0),(24,1,3,4,0),(25,1,3,5,0),(26,1,3,6,0),(27,1,3,7,0),(28,1,3,8,0),(29,1,3,9,0),(30,1,3,10,0),(31,1,4,1,0),(32,1,4,2,0),(33,1,4,3,0),(34,1,4,4,0),(35,1,4,5,0),(36,1,4,6,0),(37,1,4,7,0),(38,1,4,8,0),(39,1,4,9,0),(40,1,4,10,0),(41,1,5,1,0),(42,1,5,2,0),(43,1,5,3,0),(44,1,5,4,0),(45,1,5,5,0),(46,1,5,6,0),(47,1,5,7,0),(48,1,5,8,0),(49,1,5,9,0),(50,1,5,10,0),(51,2,1,1,0),(52,2,1,2,0),(53,2,1,3,0),(54,2,1,4,0),(55,2,1,5,0),(56,2,1,6,0),(57,2,1,7,0),(58,2,1,8,0),(59,2,1,9,0),(60,2,1,10,0),(61,2,2,1,0),(62,2,2,2,0),(63,2,2,3,0),(64,2,2,4,0),(65,2,2,5,0),(66,2,2,6,0),(67,2,2,7,0),(68,2,2,8,0),(69,2,2,9,0),(70,2,2,10,0),(71,2,3,1,0),(72,2,3,2,0),(73,2,3,3,0),(74,2,3,4,0),(75,2,3,5,0),(76,2,3,6,0),(77,2,3,7,0),(78,2,3,8,0),(79,2,3,9,0),(80,2,3,10,0),(81,2,4,1,0),(82,2,4,2,0),(83,2,4,3,0),(84,2,4,4,0),(85,2,4,5,0),(86,2,4,6,0),(87,2,4,7,0),(88,2,4,8,0),(89,2,4,9,0),(90,2,4,10,0),(91,2,5,1,0),(92,2,5,2,0),(93,2,5,3,0),(94,2,5,4,0),(95,2,5,5,0),(96,2,5,6,0),(97,2,5,7,0),(98,2,5,8,0),(99,2,5,9,0),(100,2,5,10,0),(101,3,1,1,0),(102,3,1,2,0),(103,3,1,3,0),(104,3,1,4,0),(105,3,1,5,0),(106,3,1,6,0),(107,3,1,7,0),(108,3,1,8,0),(109,3,1,9,0),(110,3,1,10,0),(111,3,2,1,0),(112,3,2,2,0),(113,3,2,3,0),(114,3,2,4,0),(115,3,2,5,0),(116,3,2,6,0),(117,3,2,7,0),(118,3,2,8,0),(119,3,2,9,0),(120,3,2,10,0),(121,3,3,1,0),(122,3,3,2,0),(123,3,3,3,0),(124,3,3,4,0),(125,3,3,5,0),(126,3,3,6,0),(127,3,3,7,0),(128,3,3,8,0),(129,3,3,9,0),(130,3,3,10,0),(131,3,4,1,0),(132,3,4,2,0),(133,3,4,3,0),(134,3,4,4,0),(135,3,4,5,0),(136,3,4,6,0),(137,3,4,7,0),(138,3,4,8,0),(139,3,4,9,0),(140,3,4,10,0),(141,3,5,1,0),(142,3,5,2,0),(143,3,5,3,0),(144,3,5,4,0),(145,3,5,5,0),(146,3,5,6,0),(147,3,5,7,0),(148,3,5,8,0),(149,3,5,9,0),(150,3,5,10,0),(151,4,1,1,0),(152,4,1,2,0),(153,4,1,3,0),(154,4,1,4,0),(155,4,1,5,0),(156,4,1,6,0),(157,4,1,7,0),(158,4,1,8,0),(159,4,1,9,0),(160,4,1,10,0),(161,4,2,1,0),(162,4,2,2,0),(163,4,2,3,0),(164,4,2,4,0),(165,4,2,5,0),(166,4,2,6,0),(167,4,2,7,0),(168,4,2,8,0),(169,4,2,9,0),(170,4,2,10,0),(171,4,3,1,0),(172,4,3,2,0),(173,4,3,3,0),(174,4,3,4,0),(175,4,3,5,0),(176,4,3,6,0),(177,4,3,7,0),(178,4,3,8,0),(179,4,3,9,0),(180,4,3,10,0),(181,4,4,1,0),(182,4,4,2,0),(183,4,4,3,0),(184,4,4,4,0),(185,4,4,5,0),(186,4,4,6,0),(187,4,4,7,0),(188,4,4,8,0),(189,4,4,9,0),(190,4,4,10,0),(191,4,5,1,0),(192,4,5,2,0),(193,4,5,3,0),(194,4,5,4,0),(195,4,5,5,0),(196,4,5,6,0),(197,4,5,7,0),(198,4,5,8,0),(199,4,5,9,0),(200,4,5,10,0),(201,5,1,1,0),(202,5,1,2,0),(203,5,1,3,0),(204,5,1,4,0),(205,5,1,5,0),(206,5,1,6,0),(207,5,1,7,0),(208,5,1,8,0),(209,5,1,9,0),(210,5,1,10,0),(211,5,2,1,0),(212,5,2,2,0),(213,5,2,3,0),(214,5,2,4,0),(215,5,2,5,0),(216,5,2,6,0),(217,5,2,7,0),(218,5,2,8,0),(219,5,2,9,0),(220,5,2,10,0),(221,5,3,1,0),(222,5,3,2,0),(223,5,3,3,0),(224,5,3,4,0),(225,5,3,5,0),(226,5,3,6,0),(227,5,3,7,0),(228,5,3,8,0),(229,5,3,9,0),(230,5,3,10,0),(231,5,4,1,0),(232,5,4,2,0),(233,5,4,3,0),(234,5,4,4,0),(235,5,4,5,0),(236,5,4,6,0),(237,5,4,7,0),(238,5,4,8,0),(239,5,4,9,0),(240,5,4,10,0),(241,5,5,1,0),(242,5,5,2,0),(243,5,5,3,0),(244,5,5,4,0),(245,5,5,5,0),(246,5,5,6,0),(247,5,5,7,0),(248,5,5,8,0),(249,5,5,9,0),(250,5,5,10,0),(251,6,1,1,0),(252,6,1,2,0),(253,6,1,3,0),(254,6,1,4,0),(255,6,1,5,0),(256,6,1,6,0),(257,6,1,7,0),(258,6,1,8,0),(259,6,1,9,0),(260,6,1,10,0),(261,6,2,1,0),(262,6,2,2,0),(263,6,2,3,0),(264,6,2,4,0),(265,6,2,5,0),(266,6,2,6,0),(267,6,2,7,0),(268,6,2,8,0),(269,6,2,9,0),(270,6,2,10,0),(271,6,3,1,0),(272,6,3,2,0),(273,6,3,3,0),(274,6,3,4,0),(275,6,3,5,0),(276,6,3,6,0),(277,6,3,7,0),(278,6,3,8,0),(279,6,3,9,0),(280,6,3,10,0),(281,6,4,1,0),(282,6,4,2,0),(283,6,4,3,0),(284,6,4,4,0),(285,6,4,5,0),(286,6,4,6,0),(287,6,4,7,0),(288,6,4,8,0),(289,6,4,9,0),(290,6,4,10,0),(291,6,5,1,0),(292,6,5,2,0),(293,6,5,3,0),(294,6,5,4,0),(295,6,5,5,0),(296,6,5,6,0),(297,6,5,7,0),(298,6,5,8,0),(299,6,5,9,0),(300,6,5,10,0),(301,6,6,1,0),(302,6,6,2,0),(303,6,6,3,0),(304,6,6,4,0),(305,6,6,5,0),(306,6,6,6,0),(307,6,6,7,0),(308,6,6,8,0),(309,6,6,9,0),(310,6,6,10,0),(311,6,7,1,0),(312,6,7,2,0),(313,6,7,3,0),(314,6,7,4,0),(315,6,7,5,0),(316,6,7,6,0),(317,6,7,7,0),(318,6,7,8,0),(319,6,7,9,0),(320,6,7,10,0),(321,7,1,1,0),(322,7,1,2,0),(323,7,1,3,0),(324,7,1,4,0),(325,7,1,5,0),(326,7,1,6,0),(327,7,1,7,0),(328,7,1,8,0),(329,7,1,9,0),(330,7,1,10,0),(331,7,1,11,0),(332,7,1,12,0),(333,7,1,13,0),(334,7,1,14,0),(335,7,1,15,0),(336,7,1,16,0),(337,7,1,17,0),(338,7,1,18,0),(339,7,1,19,0),(340,7,1,20,0),(341,7,2,1,0),(342,7,2,2,0),(343,7,2,3,0),(344,7,2,4,0),(345,7,2,5,0),(346,7,2,6,0),(347,7,2,7,0),(348,7,2,8,0),(349,7,2,9,0),(350,7,2,10,0),(351,7,2,11,0),(352,7,2,12,0),(353,7,2,13,0),(354,7,2,14,0),(355,7,2,15,0),(356,7,2,16,0),(357,7,2,17,0),(358,7,2,18,0),(359,7,2,19,0),(360,7,2,20,0),(361,7,3,1,0),(362,7,3,2,0),(363,7,3,3,0),(364,7,3,4,0),(365,7,3,5,0),(366,7,3,6,0),(367,7,3,7,0),(368,7,3,8,0),(369,7,3,9,0),(370,7,3,10,0),(371,7,3,11,0),(372,7,3,12,0),(373,7,3,13,0),(374,7,3,14,0),(375,7,3,15,0),(376,7,3,16,0),(377,7,3,17,0),(378,7,3,18,0),(379,7,3,19,0),(380,7,3,20,0),(381,7,4,1,0),(382,7,4,2,0),(383,7,4,3,0),(384,7,4,4,0),(385,7,4,5,0),(386,7,4,6,0),(387,7,4,7,0),(388,7,4,8,0),(389,7,4,9,0),(390,7,4,10,0),(391,7,4,11,0),(392,7,4,12,0),(393,7,4,13,0),(394,7,4,14,0),(395,7,4,15,0),(396,7,4,16,0),(397,7,4,17,0),(398,7,4,18,0),(399,7,4,19,0),(400,7,4,20,0),(401,7,5,1,0),(402,7,5,2,0),(403,7,5,3,0),(404,7,5,4,0),(405,7,5,5,0),(406,7,5,6,0),(407,7,5,7,0),(408,7,5,8,0),(409,7,5,9,0),(410,7,5,10,0),(411,7,5,11,0),(412,7,5,12,0),(413,7,5,13,0),(414,7,5,14,0),(415,7,5,15,0),(416,7,5,16,0),(417,7,5,17,0),(418,7,5,18,0),(419,7,5,19,0),(420,7,5,20,0),(421,8,1,1,0),(422,8,1,2,0),(423,8,1,3,0),(424,8,1,4,0),(425,8,1,5,0),(426,8,1,6,0),(427,8,1,7,0),(428,8,1,8,0),(429,8,1,9,0),(430,8,1,10,0),(431,8,1,11,0),(432,8,1,12,0),(433,8,1,13,0),(434,8,1,14,0),(435,8,1,15,0),(436,8,1,16,0),(437,8,1,17,0),(438,8,1,18,0),(439,8,1,19,0),(440,8,1,20,0),(441,8,2,1,0),(442,8,2,2,0),(443,8,2,3,0),(444,8,2,4,0),(445,8,2,5,0),(446,8,2,6,0),(447,8,2,7,0),(448,8,2,8,0),(449,8,2,9,0),(450,8,2,10,0),(451,8,2,11,0),(452,8,2,12,0),(453,8,2,13,0),(454,8,2,14,0),(455,8,2,15,0),(456,8,2,16,0),(457,8,2,17,0),(458,8,2,18,0),(459,8,2,19,0),(460,8,2,20,0),(461,8,3,1,0),(462,8,3,2,0),(463,8,3,3,0),(464,8,3,4,0),(465,8,3,5,0),(466,8,3,6,0),(467,8,3,7,0),(468,8,3,8,0),(469,8,3,9,0),(470,8,3,10,0),(471,8,3,11,0),(472,8,3,12,0),(473,8,3,13,0),(474,8,3,14,0),(475,8,3,15,0),(476,8,3,16,0),(477,8,3,17,0),(478,8,3,18,0),(479,8,3,19,0),(480,8,3,20,0),(481,8,4,1,0),(482,8,4,2,0),(483,8,4,3,0),(484,8,4,4,0),(485,8,4,5,0),(486,8,4,6,0),(487,8,4,7,0),(488,8,4,8,0),(489,8,4,9,0),(490,8,4,10,0),(491,8,4,11,0),(492,8,4,12,0),(493,8,4,13,0),(494,8,4,14,0),(495,8,4,15,0),(496,8,4,16,0),(497,8,4,17,0),(498,8,4,18,0),(499,8,4,19,0),(500,8,4,20,0),(501,8,5,1,0),(502,8,5,2,0),(503,8,5,3,0),(504,8,5,4,0),(505,8,5,5,0),(506,8,5,6,0),(507,8,5,7,0),(508,8,5,8,0),(509,8,5,9,0),(510,8,5,10,0),(511,8,5,11,0),(512,8,5,12,0),(513,8,5,13,0),(514,8,5,14,0),(515,8,5,15,0),(516,8,5,16,0),(517,8,5,17,0),(518,8,5,18,0),(519,8,5,19,0),(520,8,5,20,0),(521,9,1,1,0),(522,9,1,2,0),(523,9,1,3,0),(524,9,1,4,0),(525,9,1,5,0),(526,9,1,6,0),(527,9,1,7,0),(528,9,1,8,0),(529,9,1,9,0),(530,9,1,10,0),(531,9,1,11,0),(532,9,1,12,0),(533,9,1,13,0),(534,9,1,14,0),(535,9,1,15,0),(536,9,1,16,0),(537,9,1,17,0),(538,9,1,18,0),(539,9,1,19,0),(540,9,1,20,0),(541,9,2,1,0),(542,9,2,2,0),(543,9,2,3,0),(544,9,2,4,0),(545,9,2,5,0),(546,9,2,6,0),(547,9,2,7,0),(548,9,2,8,0),(549,9,2,9,0),(550,9,2,10,0),(551,9,2,11,0),(552,9,2,12,0),(553,9,2,13,0),(554,9,2,14,0),(555,9,2,15,0),(556,9,2,16,0),(557,9,2,17,0),(558,9,2,18,0),(559,9,2,19,0),(560,9,2,20,0),(561,9,3,1,0),(562,9,3,2,0),(563,9,3,3,0),(564,9,3,4,0),(565,9,3,5,0),(566,9,3,6,0),(567,9,3,7,0),(568,9,3,8,0),(569,9,3,9,0),(570,9,3,10,0),(571,9,3,11,0),(572,9,3,12,0),(573,9,3,13,0),(574,9,3,14,0),(575,9,3,15,0),(576,9,3,16,0),(577,9,3,17,0),(578,9,3,18,0),(579,9,3,19,0),(580,9,3,20,0),(581,9,4,1,0),(582,9,4,2,0),(583,9,4,3,0),(584,9,4,4,0),(585,9,4,5,0),(586,9,4,6,0),(587,9,4,7,0),(588,9,4,8,0),(589,9,4,9,0),(590,9,4,10,0),(591,9,4,11,0),(592,9,4,12,0),(593,9,4,13,0),(594,9,4,14,0),(595,9,4,15,0),(596,9,4,16,0),(597,9,4,17,0),(598,9,4,18,0),(599,9,4,19,0),(600,9,4,20,0),(601,9,5,1,0),(602,9,5,2,0),(603,9,5,3,0),(604,9,5,4,0),(605,9,5,5,0),(606,9,5,6,0),(607,9,5,7,0),(608,9,5,8,0),(609,9,5,9,0),(610,9,5,10,0),(611,9,5,11,0),(612,9,5,12,0),(613,9,5,13,0),(614,9,5,14,0),(615,9,5,15,0),(616,9,5,16,0),(617,9,5,17,0),(618,9,5,18,0),(619,9,5,19,0),(620,9,5,20,0),(621,10,1,1,0),(622,10,1,2,0),(623,10,1,3,0),(624,10,1,4,0),(625,10,1,5,0),(626,10,1,6,0),(627,10,1,7,0),(628,10,1,8,0),(629,10,1,9,0),(630,10,1,10,0),(631,10,2,1,0),(632,10,2,2,0),(633,10,2,3,0),(634,10,2,4,0),(635,10,2,5,0),(636,10,2,6,0),(637,10,2,7,0),(638,10,2,8,0),(639,10,2,9,0),(640,10,2,10,0),(641,10,3,1,0),(642,10,3,2,0),(643,10,3,3,0),(644,10,3,4,0),(645,10,3,5,0),(646,10,3,6,0),(647,10,3,7,0),(648,10,3,8,0),(649,10,3,9,0),(650,10,3,10,0),(651,10,4,1,0),(652,10,4,2,0),(653,10,4,3,0),(654,10,4,4,0),(655,10,4,5,0),(656,10,4,6,0),(657,10,4,7,0),(658,10,4,8,0),(659,10,4,9,0),(660,10,4,10,0),(661,10,5,1,0),(662,10,5,2,0),(663,10,5,3,0),(664,10,5,4,0),(665,10,5,5,0),(666,10,5,6,0),(667,10,5,7,0),(668,10,5,8,0),(669,10,5,9,0),(670,10,5,10,0),(671,11,1,1,0),(672,11,1,2,0),(673,11,1,3,0),(674,11,1,4,0),(675,11,1,5,0),(676,11,1,6,0),(677,11,1,7,0),(678,11,1,8,0),(679,11,1,9,0),(680,11,1,10,0),(681,11,2,1,0),(682,11,2,2,0),(683,11,2,3,0),(684,11,2,4,0),(685,11,2,5,0),(686,11,2,6,0),(687,11,2,7,0),(688,11,2,8,0),(689,11,2,9,0),(690,11,2,10,0),(691,11,3,1,0),(692,11,3,2,0),(693,11,3,3,0),(694,11,3,4,0),(695,11,3,5,0),(696,11,3,6,0),(697,11,3,7,0),(698,11,3,8,0),(699,11,3,9,0),(700,11,3,10,0),(701,11,4,1,0),(702,11,4,2,0),(703,11,4,3,0),(704,11,4,4,0),(705,11,4,5,0),(706,11,4,6,0),(707,11,4,7,0),(708,11,4,8,0),(709,11,4,9,0),(710,11,4,10,0),(711,11,5,1,0),(712,11,5,2,0),(713,11,5,3,0),(714,11,5,4,0),(715,11,5,5,0),(716,11,5,6,0),(717,11,5,7,0),(718,11,5,8,0),(719,11,5,9,0),(720,11,5,10,0),(721,11,6,1,0),(722,11,6,2,0),(723,11,6,3,0),(724,11,6,4,0),(725,11,6,5,0),(726,11,6,6,0),(727,11,6,7,0),(728,11,6,8,0),(729,11,6,9,0),(730,11,6,10,0),(731,11,7,1,0),(732,11,7,2,0),(733,11,7,3,0),(734,11,7,4,0),(735,11,7,5,0),(736,11,7,6,0),(737,11,7,7,0),(738,11,7,8,0),(739,11,7,9,0),(740,11,7,10,0),(741,12,1,1,0),(742,12,1,2,0),(743,12,1,3,0),(744,12,1,4,0),(745,12,1,5,0),(746,12,1,6,0),(747,12,1,7,0),(748,12,1,8,0),(749,12,1,9,0),(750,12,1,10,0),(751,12,2,1,0),(752,12,2,2,0),(753,12,2,3,0),(754,12,2,4,0),(755,12,2,5,0),(756,12,2,6,0),(757,12,2,7,0),(758,12,2,8,0),(759,12,2,9,0),(760,12,2,10,0),(761,12,3,1,0),(762,12,3,2,0),(763,12,3,3,0),(764,12,3,4,0),(765,12,3,5,0),(766,12,3,6,0),(767,12,3,7,0),(768,12,3,8,0),(769,12,3,9,0),(770,12,3,10,0),(771,12,4,1,0),(772,12,4,2,0),(773,12,4,3,0),(774,12,4,4,0),(775,12,4,5,0),(776,12,4,6,0),(777,12,4,7,0),(778,12,4,8,0),(779,12,4,9,0),(780,12,4,10,0),(781,12,5,1,0),(782,12,5,2,0),(783,12,5,3,0),(784,12,5,4,0),(785,12,5,5,0),(786,12,5,6,0),(787,12,5,7,0),(788,12,5,8,0),(789,12,5,9,0),(790,12,5,10,0),(791,13,1,1,0),(792,13,1,2,0),(793,13,1,3,0),(794,13,1,4,0),(795,13,1,5,0),(796,13,1,6,0),(797,13,1,7,0),(798,13,1,8,0),(799,13,1,9,0),(800,13,1,10,0),(801,13,2,1,0),(802,13,2,2,0),(803,13,2,3,0),(804,13,2,4,0),(805,13,2,5,0),(806,13,2,6,0),(807,13,2,7,0),(808,13,2,8,0),(809,13,2,9,0),(810,13,2,10,0),(811,13,3,1,0),(812,13,3,2,0),(813,13,3,3,0),(814,13,3,4,0),(815,13,3,5,0),(816,13,3,6,0),(817,13,3,7,0),(818,13,3,8,0),(819,13,3,9,0),(820,13,3,10,0),(821,13,4,1,0),(822,13,4,2,0),(823,13,4,3,0),(824,13,4,4,0),(825,13,4,5,0),(826,13,4,6,0),(827,13,4,7,0),(828,13,4,8,0),(829,13,4,9,0),(830,13,4,10,0),(831,13,5,1,0),(832,13,5,2,0),(833,13,5,3,0),(834,13,5,4,0),(835,13,5,5,0),(836,13,5,6,0),(837,13,5,7,0),(838,13,5,8,0),(839,13,5,9,0),(840,13,5,10,0),(841,13,6,1,0),(842,13,6,2,0),(843,13,6,3,0),(844,13,6,4,0),(845,13,6,5,0),(846,13,6,6,0),(847,13,6,7,0),(848,13,6,8,0),(849,13,6,9,0),(850,13,6,10,0),(851,13,7,1,0),(852,13,7,2,0),(853,13,7,3,0),(854,13,7,4,0),(855,13,7,5,0),(856,13,7,6,0),(857,13,7,7,0),(858,13,7,8,0),(859,13,7,9,0),(860,13,7,10,0),(861,14,1,1,0),(862,14,1,2,0),(863,14,1,3,0),(864,14,1,4,0),(865,14,1,5,0),(866,14,1,6,0),(867,14,1,7,0),(868,14,1,8,0),(869,14,1,9,0),(870,14,1,10,0),(871,14,2,1,0),(872,14,2,2,0),(873,14,2,3,0),(874,14,2,4,0),(875,14,2,5,0),(876,14,2,6,0),(877,14,2,7,0),(878,14,2,8,0),(879,14,2,9,0),(880,14,2,10,0),(881,14,3,1,0),(882,14,3,2,0),(883,14,3,3,0),(884,14,3,4,0),(885,14,3,5,0),(886,14,3,6,0),(887,14,3,7,0),(888,14,3,8,0),(889,14,3,9,0),(890,14,3,10,0),(891,14,4,1,0),(892,14,4,2,0),(893,14,4,3,0),(894,14,4,4,0),(895,14,4,5,0),(896,14,4,6,0),(897,14,4,7,0),(898,14,4,8,0),(899,14,4,9,0),(900,14,4,10,0),(901,14,5,1,0),(902,14,5,2,0),(903,14,5,3,0),(904,14,5,4,0),(905,14,5,5,0),(906,14,5,6,0),(907,14,5,7,0),(908,14,5,8,0),(909,14,5,9,0),(910,14,5,10,0),(911,14,6,1,0),(912,14,6,2,0),(913,14,6,3,0),(914,14,6,4,0),(915,14,6,5,0),(916,14,6,6,0),(917,14,6,7,0),(918,14,6,8,0),(919,14,6,9,0),(920,14,6,10,0),(921,14,7,1,0),(922,14,7,2,0),(923,14,7,3,0),(924,14,7,4,0),(925,14,7,5,0),(926,14,7,6,0),(927,14,7,7,0),(928,14,7,8,0),(929,14,7,9,0),(930,14,7,10,0),(1251,21,1,1,0),(1252,21,1,2,0),(1253,21,1,3,0),(1254,21,1,4,0),(1255,21,1,5,0),(1256,21,1,6,0),(1257,21,1,7,0),(1258,21,1,8,0),(1259,21,1,9,0),(1260,21,1,10,0),(1261,21,2,1,0),(1262,21,2,2,0),(1263,21,2,3,0),(1264,21,2,4,0),(1265,21,2,5,0),(1266,21,2,6,0),(1267,21,2,7,0),(1268,21,2,8,0),(1269,21,2,9,0),(1270,21,2,10,0),(1271,21,3,1,0),(1272,21,3,2,0),(1273,21,3,3,0),(1274,21,3,4,0),(1275,21,3,5,0),(1276,21,3,6,0),(1277,21,3,7,0),(1278,21,3,8,0),(1279,21,3,9,0),(1280,21,3,10,0),(1281,21,4,1,0),(1282,21,4,2,0),(1283,21,4,3,0),(1284,21,4,4,0),(1285,21,4,5,0),(1286,21,4,6,0),(1287,21,4,7,0),(1288,21,4,8,0),(1289,21,4,9,0),(1290,21,4,10,0),(1291,21,5,1,0),(1292,21,5,2,0),(1293,21,5,3,0),(1294,21,5,4,0),(1295,21,5,5,0),(1296,21,5,6,0),(1297,21,5,7,0),(1298,21,5,8,0),(1299,21,5,9,0),(1300,21,5,10,0),(1301,22,1,1,0),(1302,22,1,2,0),(1303,22,1,3,0),(1304,22,1,4,0),(1305,22,1,5,0),(1306,22,1,6,0),(1307,22,1,7,0),(1308,22,1,8,0),(1309,22,1,9,0),(1310,22,1,10,0),(1311,22,2,1,0),(1312,22,2,2,0),(1313,22,2,3,0),(1314,22,2,4,0),(1315,22,2,5,0),(1316,22,2,6,0),(1317,22,2,7,0),(1318,22,2,8,0),(1319,22,2,9,0),(1320,22,2,10,0),(1321,22,3,1,0),(1322,22,3,2,0),(1323,22,3,3,0),(1324,22,3,4,0),(1325,22,3,5,0),(1326,22,3,6,0),(1327,22,3,7,0),(1328,22,3,8,0),(1329,22,3,9,0),(1330,22,3,10,0),(1331,22,4,1,0),(1332,22,4,2,0),(1333,22,4,3,0),(1334,22,4,4,0),(1335,22,4,5,0),(1336,22,4,6,0),(1337,22,4,7,0),(1338,22,4,8,0),(1339,22,4,9,0),(1340,22,4,10,0),(1341,22,5,1,0),(1342,22,5,2,0),(1343,22,5,3,0),(1344,22,5,4,0),(1345,22,5,5,0),(1346,22,5,6,0),(1347,22,5,7,0),(1348,22,5,8,0),(1349,22,5,9,0),(1350,22,5,10,0),(1351,22,6,1,0),(1352,22,6,2,0),(1353,22,6,3,0),(1354,22,6,4,0),(1355,22,6,5,0),(1356,22,6,6,0),(1357,22,6,7,0),(1358,22,6,8,0),(1359,22,6,9,0),(1360,22,6,10,0),(1361,22,7,1,0),(1362,22,7,2,0),(1363,22,7,3,0),(1364,22,7,4,0),(1365,22,7,5,0),(1366,22,7,6,0),(1367,22,7,7,0),(1368,22,7,8,0),(1369,22,7,9,0),(1370,22,7,10,0),(1371,23,1,1,0),(1372,23,1,2,0),(1373,23,1,3,0),(1374,23,1,4,0),(1375,23,1,5,0),(1376,23,1,6,0),(1377,23,1,7,0),(1378,23,1,8,0),(1379,23,1,9,0),(1380,23,1,10,0),(1381,23,2,1,0),(1382,23,2,2,0),(1383,23,2,3,0),(1384,23,2,4,0),(1385,23,2,5,0),(1386,23,2,6,0),(1387,23,2,7,0),(1388,23,2,8,0),(1389,23,2,9,0),(1390,23,2,10,0),(1391,23,3,1,0),(1392,23,3,2,0),(1393,23,3,3,0),(1394,23,3,4,0),(1395,23,3,5,0),(1396,23,3,6,0),(1397,23,3,7,0),(1398,23,3,8,0),(1399,23,3,9,0),(1400,23,3,10,0),(1401,23,4,1,0),(1402,23,4,2,0),(1403,23,4,3,0),(1404,23,4,4,0),(1405,23,4,5,0),(1406,23,4,6,0),(1407,23,4,7,0),(1408,23,4,8,0),(1409,23,4,9,0),(1410,23,4,10,0),(1411,23,5,1,0),(1412,23,5,2,0),(1413,23,5,3,0),(1414,23,5,4,0),(1415,23,5,5,0),(1416,23,5,6,0),(1417,23,5,7,0),(1418,23,5,8,0),(1419,23,5,9,0),(1420,23,5,10,0),(1421,23,6,1,0),(1422,23,6,2,0),(1423,23,6,3,0),(1424,23,6,4,0),(1425,23,6,5,0),(1426,23,6,6,0),(1427,23,6,7,0),(1428,23,6,8,0),(1429,23,6,9,0),(1430,23,6,10,0),(1431,23,7,1,0),(1432,23,7,2,0),(1433,23,7,3,0),(1434,23,7,4,0),(1435,23,7,5,0),(1436,23,7,6,0),(1437,23,7,7,0),(1438,23,7,8,0),(1439,23,7,9,0),(1440,23,7,10,0),(1441,24,1,1,0),(1442,24,1,2,0),(1443,24,1,3,0),(1444,24,1,4,0),(1445,24,1,5,0),(1446,24,1,6,0),(1447,24,1,7,0),(1448,24,1,8,0),(1449,24,1,9,0),(1450,24,1,10,0),(1451,24,2,1,0),(1452,24,2,2,0),(1453,24,2,3,0),(1454,24,2,4,0),(1455,24,2,5,0),(1456,24,2,6,0),(1457,24,2,7,0),(1458,24,2,8,0),(1459,24,2,9,0),(1460,24,2,10,0),(1461,24,3,1,0),(1462,24,3,2,0),(1463,24,3,3,0),(1464,24,3,4,0),(1465,24,3,5,0),(1466,24,3,6,0),(1467,24,3,7,0),(1468,24,3,8,0),(1469,24,3,9,0),(1470,24,3,10,0),(1471,24,4,1,0),(1472,24,4,2,0),(1473,24,4,3,0),(1474,24,4,4,0),(1475,24,4,5,0),(1476,24,4,6,0),(1477,24,4,7,0),(1478,24,4,8,0),(1479,24,4,9,0),(1480,24,4,10,0),(1481,24,5,1,0),(1482,24,5,2,0),(1483,24,5,3,0),(1484,24,5,4,0),(1485,24,5,5,0),(1486,24,5,6,0),(1487,24,5,7,0),(1488,24,5,8,0),(1489,24,5,9,0),(1490,24,5,10,0),(1491,25,1,1,0),(1492,25,1,2,0),(1493,25,1,3,0),(1494,25,1,4,0),(1495,25,1,5,0),(1496,25,1,6,0),(1497,25,1,7,0),(1498,25,1,8,0),(1499,25,1,9,0),(1500,25,1,10,0),(1501,25,2,1,0),(1502,25,2,2,0),(1503,25,2,3,0),(1504,25,2,4,0),(1505,25,2,5,0),(1506,25,2,6,0),(1507,25,2,7,0),(1508,25,2,8,0),(1509,25,2,9,0),(1510,25,2,10,0),(1511,25,3,1,0),(1512,25,3,2,0),(1513,25,3,3,0),(1514,25,3,4,0),(1515,25,3,5,0),(1516,25,3,6,0),(1517,25,3,7,0),(1518,25,3,8,0),(1519,25,3,9,0),(1520,25,3,10,0),(1521,25,4,1,0),(1522,25,4,2,0),(1523,25,4,3,0),(1524,25,4,4,0),(1525,25,4,5,0),(1526,25,4,6,0),(1527,25,4,7,0),(1528,25,4,8,0),(1529,25,4,9,0),(1530,25,4,10,0),(1531,25,5,1,0),(1532,25,5,2,0),(1533,25,5,3,0),(1534,25,5,4,0),(1535,25,5,5,0),(1536,25,5,6,0),(1537,25,5,7,0),(1538,25,5,8,0),(1539,25,5,9,0),(1540,25,5,10,0),(1541,26,1,1,0),(1542,26,1,2,0),(1543,26,1,3,0),(1544,26,1,4,0),(1545,26,1,5,0),(1546,26,1,6,0),(1547,26,1,7,0),(1548,26,1,8,0),(1549,26,1,9,0),(1550,26,1,10,0),(1551,26,2,1,0),(1552,26,2,2,0),(1553,26,2,3,0),(1554,26,2,4,0),(1555,26,2,5,0),(1556,26,2,6,0),(1557,26,2,7,0),(1558,26,2,8,0),(1559,26,2,9,0),(1560,26,2,10,0),(1561,26,3,1,0),(1562,26,3,2,0),(1563,26,3,3,0),(1564,26,3,4,0),(1565,26,3,5,0),(1566,26,3,6,0),(1567,26,3,7,0),(1568,26,3,8,0),(1569,26,3,9,0),(1570,26,3,10,0),(1571,26,4,1,0),(1572,26,4,2,0),(1573,26,4,3,0),(1574,26,4,4,0),(1575,26,4,5,0),(1576,26,4,6,0),(1577,26,4,7,0),(1578,26,4,8,0),(1579,26,4,9,0),(1580,26,4,10,0),(1581,26,5,1,0),(1582,26,5,2,0),(1583,26,5,3,0),(1584,26,5,4,0),(1585,26,5,5,0),(1586,26,5,6,0),(1587,26,5,7,0),(1588,26,5,8,0),(1589,26,5,9,0),(1590,26,5,10,0),(1591,26,6,1,0),(1592,26,6,2,0),(1593,26,6,3,0),(1594,26,6,4,0),(1595,26,6,5,0),(1596,26,6,6,0),(1597,26,6,7,0),(1598,26,6,8,0),(1599,26,6,9,0),(1600,26,6,10,0),(1601,26,7,1,0),(1602,26,7,2,0),(1603,26,7,3,0),(1604,26,7,4,0),(1605,26,7,5,0),(1606,26,7,6,0),(1607,26,7,7,0),(1608,26,7,8,0),(1609,26,7,9,0),(1610,26,7,10,0),(1611,27,1,1,0),(1612,27,1,2,0),(1613,27,1,3,0),(1614,27,1,4,0),(1615,27,1,5,0),(1616,27,1,6,0),(1617,27,1,7,0),(1618,27,1,8,0),(1619,27,1,9,0),(1620,27,1,10,0),(1621,27,2,1,0),(1622,27,2,2,0),(1623,27,2,3,0),(1624,27,2,4,0),(1625,27,2,5,0),(1626,27,2,6,0),(1627,27,2,7,0),(1628,27,2,8,0),(1629,27,2,9,0),(1630,27,2,10,0),(1631,27,3,1,0),(1632,27,3,2,0),(1633,27,3,3,0),(1634,27,3,4,0),(1635,27,3,5,0),(1636,27,3,6,0),(1637,27,3,7,0),(1638,27,3,8,0),(1639,27,3,9,0),(1640,27,3,10,0),(1641,27,4,1,0),(1642,27,4,2,0),(1643,27,4,3,0),(1644,27,4,4,0),(1645,27,4,5,0),(1646,27,4,6,0),(1647,27,4,7,0),(1648,27,4,8,0),(1649,27,4,9,0),(1650,27,4,10,0),(1651,27,5,1,0),(1652,27,5,2,0),(1653,27,5,3,0),(1654,27,5,4,0),(1655,27,5,5,0),(1656,27,5,6,0),(1657,27,5,7,0),(1658,27,5,8,0),(1659,27,5,9,0),(1660,27,5,10,0),(1661,27,6,1,0),(1662,27,6,2,0),(1663,27,6,3,0),(1664,27,6,4,0),(1665,27,6,5,0),(1666,27,6,6,0),(1667,27,6,7,0),(1668,27,6,8,0),(1669,27,6,9,0),(1670,27,6,10,0),(1671,27,7,1,0),(1672,27,7,2,0),(1673,27,7,3,0),(1674,27,7,4,0),(1675,27,7,5,0),(1676,27,7,6,0),(1677,27,7,7,0),(1678,27,7,8,0),(1679,27,7,9,0),(1680,27,7,10,0),(1681,28,1,1,0),(1682,28,1,2,0),(1683,28,1,3,0),(1684,28,1,4,0),(1685,28,1,5,0),(1686,28,1,6,0),(1687,28,1,7,0),(1688,28,1,8,0),(1689,28,1,9,0),(1690,28,1,10,0),(1691,28,2,1,0),(1692,28,2,2,0),(1693,28,2,3,0),(1694,28,2,4,0),(1695,28,2,5,0),(1696,28,2,6,0),(1697,28,2,7,0),(1698,28,2,8,0),(1699,28,2,9,0),(1700,28,2,10,0),(1701,28,3,1,0),(1702,28,3,2,0),(1703,28,3,3,0),(1704,28,3,4,0),(1705,28,3,5,0),(1706,28,3,6,0),(1707,28,3,7,0),(1708,28,3,8,0),(1709,28,3,9,0),(1710,28,3,10,0),(1711,28,4,1,0),(1712,28,4,2,0),(1713,28,4,3,0),(1714,28,4,4,0),(1715,28,4,5,0),(1716,28,4,6,0),(1717,28,4,7,0),(1718,28,4,8,0),(1719,28,4,9,0),(1720,28,4,10,0),(1721,28,5,1,0),(1722,28,5,2,0),(1723,28,5,3,0),(1724,28,5,4,0),(1725,28,5,5,0),(1726,28,5,6,0),(1727,28,5,7,0),(1728,28,5,8,0),(1729,28,5,9,0),(1730,28,5,10,0),(1731,29,1,1,0),(1732,29,1,2,0),(1733,29,1,3,0),(1734,29,1,4,0),(1735,29,1,5,0),(1736,29,1,6,0),(1737,29,1,7,0),(1738,29,1,8,0),(1739,29,1,9,0),(1740,29,1,10,0),(1741,29,2,1,0),(1742,29,2,2,0),(1743,29,2,3,0),(1744,29,2,4,0),(1745,29,2,5,0),(1746,29,2,6,0),(1747,29,2,7,0),(1748,29,2,8,0),(1749,29,2,9,0),(1750,29,2,10,0),(1751,29,3,1,0),(1752,29,3,2,0),(1753,29,3,3,0),(1754,29,3,4,0),(1755,29,3,5,0),(1756,29,3,6,0),(1757,29,3,7,0),(1758,29,3,8,0),(1759,29,3,9,0),(1760,29,3,10,0),(1761,29,4,1,0),(1762,29,4,2,0),(1763,29,4,3,0),(1764,29,4,4,0),(1765,29,4,5,0),(1766,29,4,6,0),(1767,29,4,7,0),(1768,29,4,8,0),(1769,29,4,9,0),(1770,29,4,10,0),(1771,29,5,1,0),(1772,29,5,2,0),(1773,29,5,3,0),(1774,29,5,4,0),(1775,29,5,5,0),(1776,29,5,6,0),(1777,29,5,7,0),(1778,29,5,8,0),(1779,29,5,9,0),(1780,29,5,10,0),(1781,30,1,1,0),(1782,30,1,2,0),(1783,30,1,3,0),(1784,30,1,4,0),(1785,30,1,5,0),(1786,30,1,6,0),(1787,30,1,7,0),(1788,30,1,8,0),(1789,30,1,9,0),(1790,30,1,10,0),(1791,30,2,1,0),(1792,30,2,2,0),(1793,30,2,3,0),(1794,30,2,4,0),(1795,30,2,5,0),(1796,30,2,6,0),(1797,30,2,7,0),(1798,30,2,8,0),(1799,30,2,9,0),(1800,30,2,10,0),(1801,30,3,1,0),(1802,30,3,2,0),(1803,30,3,3,0),(1804,30,3,4,0),(1805,30,3,5,0),(1806,30,3,6,0),(1807,30,3,7,0),(1808,30,3,8,0),(1809,30,3,9,0),(1810,30,3,10,0),(1811,30,4,1,0),(1812,30,4,2,0),(1813,30,4,3,0),(1814,30,4,4,0),(1815,30,4,5,0),(1816,30,4,6,0),(1817,30,4,7,0),(1818,30,4,8,0),(1819,30,4,9,0),(1820,30,4,10,0),(1821,30,5,1,0),(1822,30,5,2,0),(1823,30,5,3,0),(1824,30,5,4,0),(1825,30,5,5,0),(1826,30,5,6,0),(1827,30,5,7,0),(1828,30,5,8,0),(1829,30,5,9,0),(1830,30,5,10,0),(1831,31,1,1,0),(1832,31,1,2,0),(1833,31,1,3,0),(1834,31,1,4,0),(1835,31,1,5,0),(1836,31,1,6,0),(1837,31,1,7,0),(1838,31,1,8,0),(1839,31,1,9,0),(1840,31,1,10,0),(1841,31,2,1,0),(1842,31,2,2,0),(1843,31,2,3,0),(1844,31,2,4,0),(1845,31,2,5,0),(1846,31,2,6,0),(1847,31,2,7,0),(1848,31,2,8,0),(1849,31,2,9,0),(1850,31,2,10,0),(1851,31,3,1,0),(1852,31,3,2,0),(1853,31,3,3,0),(1854,31,3,4,0),(1855,31,3,5,0),(1856,31,3,6,0),(1857,31,3,7,0),(1858,31,3,8,0),(1859,31,3,9,0),(1860,31,3,10,0),(1861,31,4,1,0),(1862,31,4,2,0),(1863,31,4,3,0),(1864,31,4,4,0),(1865,31,4,5,0),(1866,31,4,6,0),(1867,31,4,7,0),(1868,31,4,8,0),(1869,31,4,9,0),(1870,31,4,10,0),(1871,31,5,1,0),(1872,31,5,2,0),(1873,31,5,3,0),(1874,31,5,4,0),(1875,31,5,5,0),(1876,31,5,6,0),(1877,31,5,7,0),(1878,31,5,8,0),(1879,31,5,9,0),(1880,31,5,10,0),(1881,31,6,1,0),(1882,31,6,2,0),(1883,31,6,3,0),(1884,31,6,4,0),(1885,31,6,5,0),(1886,31,6,6,0),(1887,31,6,7,0),(1888,31,6,8,0),(1889,31,6,9,0),(1890,31,6,10,0),(1891,31,7,1,0),(1892,31,7,2,0),(1893,31,7,3,0),(1894,31,7,4,0),(1895,31,7,5,0),(1896,31,7,6,0),(1897,31,7,7,0),(1898,31,7,8,0),(1899,31,7,9,0),(1900,31,7,10,0),(1901,32,1,1,0),(1902,32,1,2,0),(1903,32,1,3,0),(1904,32,1,4,0),(1905,32,1,5,0),(1906,32,1,6,0),(1907,32,1,7,0),(1908,32,1,8,0),(1909,32,1,9,0),(1910,32,1,10,0),(1911,32,2,1,0),(1912,32,2,2,0),(1913,32,2,3,0),(1914,32,2,4,0),(1915,32,2,5,0),(1916,32,2,6,0),(1917,32,2,7,0),(1918,32,2,8,0),(1919,32,2,9,0),(1920,32,2,10,0),(1921,32,3,1,0),(1922,32,3,2,0),(1923,32,3,3,0),(1924,32,3,4,0),(1925,32,3,5,0),(1926,32,3,6,0),(1927,32,3,7,0),(1928,32,3,8,0),(1929,32,3,9,0),(1930,32,3,10,0),(1931,32,4,1,0),(1932,32,4,2,0),(1933,32,4,3,0),(1934,32,4,4,0),(1935,32,4,5,0),(1936,32,4,6,0),(1937,32,4,7,0),(1938,32,4,8,0),(1939,32,4,9,0),(1940,32,4,10,0),(1941,32,5,1,0),(1942,32,5,2,0),(1943,32,5,3,0),(1944,32,5,4,0),(1945,32,5,5,0),(1946,32,5,6,0),(1947,32,5,7,0),(1948,32,5,8,0),(1949,32,5,9,0),(1950,32,5,10,0),(1951,33,1,1,0),(1952,33,1,2,0),(1953,33,1,3,0),(1954,33,1,4,0),(1955,33,1,5,0),(1956,33,1,6,0),(1957,33,1,7,0),(1958,33,1,8,0),(1959,33,1,9,0),(1960,33,1,10,0),(1961,33,1,11,0),(1962,33,1,12,0),(1963,33,1,13,0),(1964,33,1,14,0),(1965,33,1,15,0),(1966,33,1,16,0),(1967,33,1,17,0),(1968,33,1,18,0),(1969,33,1,19,0),(1970,33,1,20,0),(1971,33,2,1,0),(1972,33,2,2,0),(1973,33,2,3,0),(1974,33,2,4,0),(1975,33,2,5,0),(1976,33,2,6,0),(1977,33,2,7,0),(1978,33,2,8,0),(1979,33,2,9,0),(1980,33,2,10,0),(1981,33,2,11,0),(1982,33,2,12,0),(1983,33,2,13,0),(1984,33,2,14,0),(1985,33,2,15,0),(1986,33,2,16,0),(1987,33,2,17,0),(1988,33,2,18,0),(1989,33,2,19,0),(1990,33,2,20,0),(1991,33,3,1,0),(1992,33,3,2,0),(1993,33,3,3,0),(1994,33,3,4,0),(1995,33,3,5,0),(1996,33,3,6,0),(1997,33,3,7,0),(1998,33,3,8,0),(1999,33,3,9,0),(2000,33,3,10,0),(2001,33,3,11,0),(2002,33,3,12,0),(2003,33,3,13,0),(2004,33,3,14,0),(2005,33,3,15,0),(2006,33,3,16,0),(2007,33,3,17,0),(2008,33,3,18,0),(2009,33,3,19,0),(2010,33,3,20,0),(2011,33,4,1,0),(2012,33,4,2,0),(2013,33,4,3,0),(2014,33,4,4,0),(2015,33,4,5,0),(2016,33,4,6,0),(2017,33,4,7,0),(2018,33,4,8,0),(2019,33,4,9,0),(2020,33,4,10,0),(2021,33,4,11,0),(2022,33,4,12,0),(2023,33,4,13,0),(2024,33,4,14,0),(2025,33,4,15,0),(2026,33,4,16,0),(2027,33,4,17,0),(2028,33,4,18,0),(2029,33,4,19,0),(2030,33,4,20,0),(2031,33,5,1,0),(2032,33,5,2,0),(2033,33,5,3,0),(2034,33,5,4,0),(2035,33,5,5,0),(2036,33,5,6,0),(2037,33,5,7,0),(2038,33,5,8,0),(2039,33,5,9,0),(2040,33,5,10,0),(2041,33,5,11,0),(2042,33,5,12,0),(2043,33,5,13,0),(2044,33,5,14,0),(2045,33,5,15,0),(2046,33,5,16,0),(2047,33,5,17,0),(2048,33,5,18,0),(2049,33,5,19,0),(2050,33,5,20,0),(2051,34,1,1,0),(2052,34,1,2,0),(2053,34,1,3,0),(2054,34,1,4,0),(2055,34,1,5,0),(2056,34,1,6,0),(2057,34,1,7,0),(2058,34,1,8,0),(2059,34,1,9,0),(2060,34,1,10,0),(2061,34,1,11,0),(2062,34,1,12,0),(2063,34,1,13,0),(2064,34,1,14,0),(2065,34,1,15,0),(2066,34,1,16,0),(2067,34,1,17,0),(2068,34,1,18,0),(2069,34,1,19,0),(2070,34,1,20,0),(2071,34,2,1,0),(2072,34,2,2,0),(2073,34,2,3,0),(2074,34,2,4,0),(2075,34,2,5,0),(2076,34,2,6,0),(2077,34,2,7,0),(2078,34,2,8,0),(2079,34,2,9,0),(2080,34,2,10,0),(2081,34,2,11,0),(2082,34,2,12,0),(2083,34,2,13,0),(2084,34,2,14,0),(2085,34,2,15,0),(2086,34,2,16,0),(2087,34,2,17,0),(2088,34,2,18,0),(2089,34,2,19,0),(2090,34,2,20,0),(2091,34,3,1,0),(2092,34,3,2,0),(2093,34,3,3,0),(2094,34,3,4,0),(2095,34,3,5,0),(2096,34,3,6,0),(2097,34,3,7,0),(2098,34,3,8,0),(2099,34,3,9,0),(2100,34,3,10,0),(2101,34,3,11,0),(2102,34,3,12,0),(2103,34,3,13,0),(2104,34,3,14,0),(2105,34,3,15,0),(2106,34,3,16,0),(2107,34,3,17,0),(2108,34,3,18,0),(2109,34,3,19,0),(2110,34,3,20,0),(2111,34,4,1,0),(2112,34,4,2,0),(2113,34,4,3,0),(2114,34,4,4,0),(2115,34,4,5,0),(2116,34,4,6,0),(2117,34,4,7,0),(2118,34,4,8,0),(2119,34,4,9,0),(2120,34,4,10,0),(2121,34,4,11,0),(2122,34,4,12,0),(2123,34,4,13,0),(2124,34,4,14,0),(2125,34,4,15,0),(2126,34,4,16,0),(2127,34,4,17,0),(2128,34,4,18,0),(2129,34,4,19,0),(2130,34,4,20,0),(2131,34,5,1,0),(2132,34,5,2,0),(2133,34,5,3,0),(2134,34,5,4,0),(2135,34,5,5,0),(2136,34,5,6,0),(2137,34,5,7,0),(2138,34,5,8,0),(2139,34,5,9,0),(2140,34,5,10,0),(2141,34,5,11,0),(2142,34,5,12,0),(2143,34,5,13,0),(2144,34,5,14,0),(2145,34,5,15,0),(2146,34,5,16,0),(2147,34,5,17,0),(2148,34,5,18,0),(2149,34,5,19,0),(2150,34,5,20,0),(2151,35,1,1,0),(2152,35,1,2,0),(2153,35,1,3,0),(2154,35,1,4,0),(2155,35,1,5,0),(2156,35,1,6,0),(2157,35,1,7,0),(2158,35,1,8,0),(2159,35,1,9,0),(2160,35,1,10,0),(2161,35,2,1,0),(2162,35,2,2,0),(2163,35,2,3,0),(2164,35,2,4,0),(2165,35,2,5,0),(2166,35,2,6,0),(2167,35,2,7,0),(2168,35,2,8,0),(2169,35,2,9,0),(2170,35,2,10,0),(2171,35,3,1,0),(2172,35,3,2,0),(2173,35,3,3,0),(2174,35,3,4,0),(2175,35,3,5,0),(2176,35,3,6,0),(2177,35,3,7,0),(2178,35,3,8,0),(2179,35,3,9,0),(2180,35,3,10,0),(2181,35,4,1,0),(2182,35,4,2,0),(2183,35,4,3,0),(2184,35,4,4,0),(2185,35,4,5,0),(2186,35,4,6,0),(2187,35,4,7,0),(2188,35,4,8,0),(2189,35,4,9,0),(2190,35,4,10,0),(2191,35,5,1,0),(2192,35,5,2,0),(2193,35,5,3,0),(2194,35,5,4,0),(2195,35,5,5,0),(2196,35,5,6,0),(2197,35,5,7,0),(2198,35,5,8,0),(2199,35,5,9,0),(2200,35,5,10,0),(2201,36,1,1,0),(2202,36,1,2,0),(2203,36,1,3,0),(2204,36,1,4,0),(2205,36,1,5,0),(2206,36,1,6,0),(2207,36,1,7,0),(2208,36,1,8,0),(2209,36,1,9,0),(2210,36,1,10,0),(2211,36,2,1,0),(2212,36,2,2,0),(2213,36,2,3,0),(2214,36,2,4,0),(2215,36,2,5,0),(2216,36,2,6,0),(2217,36,2,7,0),(2218,36,2,8,0),(2219,36,2,9,0),(2220,36,2,10,0),(2221,36,3,1,0),(2222,36,3,2,0),(2223,36,3,3,0),(2224,36,3,4,0),(2225,36,3,5,0),(2226,36,3,6,0),(2227,36,3,7,0),(2228,36,3,8,0),(2229,36,3,9,0),(2230,36,3,10,0),(2231,36,4,1,0),(2232,36,4,2,0),(2233,36,4,3,0),(2234,36,4,4,0),(2235,36,4,5,0),(2236,36,4,6,0),(2237,36,4,7,0),(2238,36,4,8,0),(2239,36,4,9,0),(2240,36,4,10,0),(2241,36,5,1,0),(2242,36,5,2,0),(2243,36,5,3,0),(2244,36,5,4,0),(2245,36,5,5,0),(2246,36,5,6,0),(2247,36,5,7,0),(2248,36,5,8,0),(2249,36,5,9,0),(2250,36,5,10,0);
/*!40000 ALTER TABLE `Table_Seat` ENABLE KEYS */;
UNLOCK TABLES;
/*!40103 SET TIME_ZONE=@OLD_TIME_ZONE */;

/*!40101 SET SQL_MODE=@OLD_SQL_MODE */;
/*!40014 SET FOREIGN_KEY_CHECKS=@OLD_FOREIGN_KEY_CHECKS */;
/*!40014 SET UNIQUE_CHECKS=@OLD_UNIQUE_CHECKS */;
/*!40101 SET CHARACTER_SET_CLIENT=@OLD_CHARACTER_SET_CLIENT */;
/*!40101 SET CHARACTER_SET_RESULTS=@OLD_CHARACTER_SET_RESULTS */;
/*!40101 SET COLLATION_CONNECTION=@OLD_COLLATION_CONNECTION */;
/*!40111 SET SQL_NOTES=@OLD_SQL_NOTES */;

-- Dump completed on 2019-07-01 13:59:33
